<?xml version="1.0" encoding="UTF-8"?>
<project-private xmlns="http://www.netbeans.org/ns/project-private/1">
    <editor-bookmarks xmlns="http://www.netbeans.org/ns/editor-bookmarks/2" lastBookmarkId="0"/>
    <open-files xmlns="http://www.netbeans.org/ns/projectui-open-files/2">
        <group>
            <file>file:/C:/Users/anatu/Desktop/Proyecto-POO/Proyecto-POO/Proyecto/src/proyecto/Proyecto.java</file>
            <file>file:/C:/Users/anatu/Desktop/Proyecto-POO/Proyecto-POO/Proyecto/src/proyecto/login/LoginAdmin.java</file>
            <file>file:/C:/Users/anatu/Desktop/Proyecto-POO/Proyecto-POO/Proyecto/src/proyecto/login/LoginStrategy.java</file>
            <file>file:/C:/Users/anatu/Desktop/Proyecto-POO/Proyecto-POO/Proyecto/src/proyecto/login/LoginNoValido.java</file>
            <file>file:/C:/Users/anatu/Desktop/Proyecto-POO/Proyecto-POO/Proyecto/src/proyecto/login/LoginMedico.java</file>
            <file>file:/C:/Users/anatu/Desktop/Proyecto-POO/Proyecto-POO/Proyecto/src/proyecto/login/Login.java</file>
            <file>file:/C:/Users/anatu/Desktop/Proyecto-POO/Proyecto-POO/Proyecto/src/proyecto/controlador/ControlAdmin.java</file>
            <file>file:/C:/Users/anatu/Desktop/Proyecto-POO/Proyecto-POO/Proyecto/src/proyecto/registro/DAO.java</file>
            <file>file:/C:/Users/anatu/Desktop/Proyecto-POO/Proyecto-POO/Proyecto/src/proyecto/registro/EmpleadosDAO.java</file>
            <file>file:/C:/Users/anatu/Desktop/Proyecto-POO/Proyecto-POO/Proyecto/src/proyecto/registro/PacientesDAO.java</file>
        </group>
    </open-files>
</project-private>
